﻿<?xml version="1.0" encoding="UTF-8" standalone="yes"?>
<addon id="resource.images.skinbackgrounds.arbuzov" name="Skin Backgrounds - Arbuzov Collection" version="1.0.2" provider-name="arbuzov">
	<extension point="kodi.resource.images" compile="false" type="skinbackgrounds" />
	<requires>
		<import addon="kodi.resource" version="1.0.0"/>
	</requires>
	<extension point="xbmc.addon.metadata">
		<summary lang="en">Skin Backgrounds - Arbuzov Collection</summary>
		<description lang="en">Skin Backgrounds - Arbuzov Collection</description>
		<platform>all</platform>
	</extension>
</addon>
